drop database Apex;
create database Apex;
use Apex;
create table olympus (location_id int primary key, location varchar(50) not null,common_loot int default 0, epic_loot int default 0, rare_loot int default 0,legendary_loot int default 0 ,loot_tier varchar(20) default 'NONE' );
create table items(itemsID int primary key,name varchar(20) unique not null, category varchar(20) not null,use_time int default 0,max_per_slot int not null default 1, rarity varchar(20) default 'c',description varchar(100));
create table player(ID int primary key,name varchar(20),username varchar(20) unique,password varchar(20),email varchar(20) unique,date_of_join date, acc_type varchar(20),credits int default 0);
create table ranks(player_id int primary key, total_matches int , p_rank varchar(20), rp int default 0, kills int default 0, deaths int default 0, foreign key(player_id) references player(ID));
create table stats (player_id int primary key , lifetime_games int default 0, level int default 1, bp_level int default 1, avg_playtime float default 0.0, lifetime_wins int default 0, lifetime_kills int default 0, foreign key(player_id) references player(ID));
create table weapons(weaponID int primary key, name varchar(20) not null, category varchar(20),ammo_type varchar(20),damage int check (damage>0), RPM int check (RPM>0), capacity int not null, reload_time float not null);
create table legends(legendID int primary key, name varchar(20) unique not null,category varchar(20) not null, win_rate float default 0.0, passive varchar(50),tactical varchar(50),ultimate varchar(50));
create table seasons(season_number int primary key,name varchar(20) default 'firefight',legend_added int, weapon_added int, active_map varchar(20), limited_event varchar(20),updates int default 0, release_date date,foreign key (legend_added) references legends(legendID),foreign key (weapon_added) references weapons(weaponID));


insert into olympus values (1,'Turbine','50','20','10','3','Mid Tier Loot');
insert into olympus values (2,'Orbital Cannon','50','20','2','1','High Tier Loot');
insert into olympus values (3,'Rift','100','40','25','5','High Tier Loot');
insert into olympus values (4,'Docks ','110','45','30','6','High Tier Loot');
insert into olympus values (5,'Hammond Labs','40','20','10','1','Mid Tier Loot');
insert into olympus values (6,'Research Basin','10','4','2','1','High Tier Loot');
insert into olympus values (7,'Carrier','120','84','40','10','High Tier Loot');
insert into olympus values (8,'Power Grid','110','74','30','3','Mid Tier Loot');
insert into olympus values (9,'Oasis','81','64','15','5','Mid Tier Loot');
insert into olympus values (10,'Velvet Oasis Cafe (Oasis)','20','14','6','2','High Tier Loot');
insert into olympus values (11,'Elysium','100','54','20','5','High Tier Loot');
insert into olympus values (12,'Thydroponics','80','34','10','1','High Tier Loot');
insert into olympus values (13,'Bonsai Plaza','150','114','50','5','Mid Tier Loot');
insert into olympus values (14,'Reverie Lounge (Bonzai Plaza)','25','14','5','0','High Tier Loot');
insert into olympus values (15,'Solar Array','108','44','24','4','Mid Tier Loot');
insert into olympus values (16,'Grow Towers','91','44','19','2','Mid Tier Loot');
insert into olympus values (17,'Golden Gardens (Gardens)','130','84','20','5','Mid Tier Loot');
insert into olympus values (18,'Energy Depot','140','54','30','5','High Tier Loot');
insert into olympus values (19,'Autumn Estates (Estates)','71','44','10','1','High Tier Loot');

insert into items values (1,'shield_cells','Heals','1','4','c','shield_cell heals a part of your shield');
insert into items values (2,'pheonix','Heals','4','1','e','pheonix_kit will heals both shield as will as health together');
insert into items values (3,'shield_battery','Heals','2','2','r','shield_battery heals your shield fully');
insert into items values (4,'syringe','Heals','1','4','c','syringes heals portion of Health ');
insert into items values (5,'med_kit','Heals','2','2','r','med_kit heals your health fully');
insert into items values (6,'frag_grenade','Attack','3','2','r','It will damage your enemies');
insert into items values (7,'arc_star','Attack','3','2','r','It will stick to your enemies and damage them');
insert into items values (8,'thermite','Attack','1','2','r','It will burn your enemies when they get hit by this');
insert into items values (9,'heavy_extended_mag','Mags','1','1','c,r,e','this will increase your heavy guns bullet capacity');
insert into items values (10,'light_extended_mag','Mags','1','1','c,r,e','this will increase your light guns bullet capacity');
insert into items values (11,'sniper_extended_mag','Mags','1','1','c,r,e','this will increase your sniper guns bullet capacity');
insert into items values (12,'barrel_mod','Mod','0.5','1','c,r,e','this will increase the stabilty of the gun');
insert into items values (13,'1x_scopes','Scopes','0.5','1','c','this for ADS');
insert into items values (14,'2x_scopes','Scopes','0.5','1','r','this for ADS');
insert into items values (15,'1x_2x_scopes','Scopes','0.5','1','r','this for ADS');
insert into items values (16,'3x_scopes','Scopes','0.5','1','r','this for ADS');
insert into items values (17,'2x:4x_scopes','Scopes','0.5','1','r','this for ADS');
insert into items values (18,'4x:8x_scopes','Scopes','0.5','1','e','this for ADS');
insert into items values (19,'10x_scopes','Scopes','0.5','1','l','this for ADS');
insert into items values (20,'stocks','Stocks','0.5','1','c,r,e','to stabilize the gun');
insert into items values (21,'heavy_ammo','Ammo','0.5','20','c','ammo for the heavy gun');
insert into items values (22,'light_ammo','Ammo','0.5','20','c','ammo for the light gun');
insert into items values (23,'sniper_ammo','Ammo','0.5','16','c','ammo for the sniper gun');
insert into items values (24,'shotgun_ammo','Ammo','0.5','8','c','ammo for the shotgun');
insert into items values (25,'ultimate_accelerant','Ability_boost','7','1','r','user to fasten their ultimate ability by 20%');
insert into items values (26,'knockdown_sheild','Sheild','0.5','1','c,r,e,l','usable sheild after getting knocked');

insert into player (ID,name,username,password,email,date_of_join,acc_type,credits) values (1,'Alan','Demoneye','johncenathebest','alan@gmail.com','2018-01-01','Premium',100);
insert into player (ID,name,username,password,email,date_of_join,acc_type,credits) values (2,'Ashwin','Death_Reaper','ash@*123','aswhin_g@gmail.com','2018-02-11','Premium',100);
insert into player (ID,name,username,password,email,date_of_join,acc_type,credits) values (3,'Aswin','Starmansom','aswin@1999','aswin@gmail.com','2020-03-31','Premium',100);
insert into player (ID,name,username,password,email,date_of_join,acc_type,credits) values (4,'Aman','Hitler_Nazi','g$asa','aman.1999@gmail.com','2014-12-14','Free',0);
insert into player (ID,name,username,password,email,date_of_join,acc_type,credits) values (5,'Manish Reddy','LoneWolf','$ansihd@123','manish@gmail.com','2017-07-07','Free',0);
insert into player (ID,name,username,password,email,date_of_join,acc_type,credits) values (6,'Manoj','Maxishepherd','man$$@star','loneman@gmail.com','2014-02-02','Free',0);
insert into player (ID,name,username,password,email,date_of_join,acc_type,credits) values (7,'Vamsi Krishna','The BB guy','%%%SAS','vams@yahoo.com','2021-01-22','Premium',12);
insert into player (ID,name,username,password,email,date_of_join,acc_type,credits) values (8,'Jatin','POPMAN','^^^$$$$','jat12134@gmail.com','2020-12-12','Free',0);
insert into player (ID,name,username,password,email,date_of_join,acc_type,credits) values (9,'Marvin','Stormer','apple1212123','marv_123@gmail.com','2017-07-07','Free',0);
insert into player (ID,name,username,password,email,date_of_join,acc_type,credits) values (10,'Sam Smith','Deat_Reaper','rayman@@@','sasmsith@gmail.com','2015-02-11','Free',0);
insert into player (ID,name,username,password,email,date_of_join,acc_type,credits) values (11,'John Titor','Mr Time Machine','}T-f9v9\qw@7$<j)','titor@gmail.com','2020-11-05','Free',0);
insert into player (ID,name,username,password,email,date_of_join,acc_type,credits) values (12,'Dinesh','All seeing eye','+jpJNtPcM4/2h_w`','dinbin@gmail.com','2014-10-24','Premium',112);
insert into player (ID,name,username,password,email,date_of_join,acc_type,credits) values (13,'Liam','Kill Switch','KR>gPkQH\6}-2#QG','liamKill@yahoo.com','2015-04-01','Free',0);
insert into player (ID,name,username,password,email,date_of_join,acc_type,credits) values (14,'Noah','Blade','{TR$sh4nk{h3rG]K','noah@gmail.com','2017-04-11','Free',0);
insert into player (ID,name,username,password,email,date_of_join,acc_type,credits) values (15,'Oliver','Phoenix',':<U+Lv9~!<Z:s!g6','oliver@gmail.com','2020-12-02','Free',0);
insert into player (ID,name,username,password,email,date_of_join,acc_type,credits) values (16,'William','Ghost','c6:KZw#.UgS[E=q}','william@gmail.com','2016-09-11','Free',0);
insert into player (ID,name,username,password,email,date_of_join,acc_type,credits) values (17,'Elijah','Shadow','4rWHVfG46>r{uC<-','elijah@gmail.com','2015-03-12','Free',0);
insert into player (ID,name,username,password,email,date_of_join,acc_type,credits) values (18,'James','Neo','MVhsjnC9)WJx9*W/','james@gmail.com','2017-09-19','Premium',35);
insert into player (ID,name,username,password,email,date_of_join,acc_type,credits) values (19,'Benjamin','Snake','{L>szTq>kPF7','benjamin@gmail.com','2010-06-30','Free',0);
insert into player (ID,name,username,password,email,date_of_join,acc_type,credits) values (20,'Lucas','Chris','PB<7@{6dGn`gjh]j','lucas@gmail.com','2020-08-15','Premium',115);
insert into player (ID,name,username,password,email,date_of_join,acc_type,credits) values (21,'Mason','Joker','*`:Y7bVspBSs^y~Q','mason@gmail.com','2021-01-16','Free',0);
insert into player (ID,name,username,password,email,date_of_join,acc_type,credits) values (22,'Ethan','Killer',',wp#-f@qZWsE4Ttn','ethan@gmail.com','2018-08-01','Free',0);
insert into player (ID,name,username,password,email,date_of_join,acc_type,credits) values (23,'Alexander','Nemesis','rP(R5#@NBrEj:UfU','alexander@gmail.com','2019-11-10','Free',0);
insert into player (ID,name,username,password,email,date_of_join,acc_type,credits) values (24,'Henry','Psycho','h!=gY{C=(^N9U9&u','henry@gmail.com','2014-02-28','Free',0);
insert into player (ID,name,username,password,email,date_of_join,acc_type,credits) values (25,'Jacob','Virus','%6F8J&=#SXHt!fp','jacob@gmail.com','2016-05-25','Free',0);
insert into player (ID,name,username,password,email,date_of_join,acc_type,credits) values (26,'Michael','Viper','Msn_R:`qTg7e<!\@','michael@gmail.com','2017-07-09','Free',0);
insert into player (ID,name,username,password,email,date_of_join,acc_type,credits) values (27,'Daniel','Zero','Zra@\Ur2fcZ`K"BG','daniel@gmail.com','2018-10-10','Premium',93);
insert into player (ID,name,username,password,email,date_of_join,acc_type,credits) values (28,'Logan','Dragon','cH>\KwD^"L3R+Q75','logan@gmail.com','2016-06-11','Premium',2);
insert into player (ID,name,username,password,email,date_of_join,acc_type,credits) values (29,'Jackson','Raven','qTJ,W;qY,9XyQbEz','jackson@gmail.com','2016-06-06','Free',0);
insert into player (ID,name,username,password,email,date_of_join,acc_type,credits) values (30,'Sebastian','Iceman','yQZ\:ZL\2$L*4ZL5','sebastian@gmail.com','2018-12-25','Free',0);
insert into player (ID,name,username,password,email,date_of_join,acc_type,credits) values (31,'Jack','Devil','c7{`>4{_"EAL}DEK','jack@gmail.com','2017-05-15','Free',0);
insert into player (ID,name,username,password,email,date_of_join,acc_type,credits) values (32,'Aiden','Shorty','Ykr=@]NAa,z"8LWL','aiden@gmail.com','2013-02-28','Free',0);
insert into player (ID,name,username,password,email,date_of_join,acc_type,credits) values (33,'Owen','Kenny','.Kr{n!;x5-=K=mn#','owen@gmail.com','2018-09-19','Premium',1024);
insert into player (ID,name,username,password,email,date_of_join,acc_type,credits) values (34,'Samuel','Nitro','z5mWeYVbdf','samuel@gmail.com','2017-08-15','Free',0);
insert into player (ID,name,username,password,email,date_of_join,acc_type,credits) values (35,'Matthew','Flash','Y=+:LAAC3g88wG','matthew@gmail.com','2012-03-20','Premium',525);
insert into player (ID,name,username,password,email,date_of_join,acc_type,credits) values (36,'Joseph','Silent','$4s@PfWmAEN9_xhT','joseph@gmail.com','2008-02-24','Free',0);
insert into player (ID,name,username,password,email,date_of_join,acc_type,credits) values (37,'Levi','Predator','yEdD*]TA4L~f98','levi@gmail.com','2018-01-02','Free',0);
insert into player (ID,name,username,password,email,date_of_join,acc_type,credits) values (38,'Mateo','Angel','VH7Khmnr*:L{m#)','mateo@gmail.com','2018-01-03','Free',0);
insert into player (ID,name,username,password,email,date_of_join,acc_type,credits) values (39,'David','Sniper','&Vf5VXs7nu=<#','david@gmail.com','2018-02-15','Free',0);
insert into player (ID,name,username,password,email,date_of_join,acc_type,credits) values (40,'John','Striker','yr=wx>=)4ktVLK(','john@gmail.com','2018-01-26','Free',0);
insert into player (ID,name,username,password,email,date_of_join,acc_type,credits) values (41,'Wyatt','Slayer','u$LX:C$L3F}mA_!','wyatt@gmail.com','2018-05-30','Free',0);
insert into player (ID,name,username,password,email,date_of_join,acc_type,credits) values (42,'Carter','Blizzard','8GtN9Wb?Hh)w48','carter@gmail.com','2019-05-30','Free',0);
insert into player (ID,name,username,password,email,date_of_join,acc_type,credits) values (43,'Julian','Max','%fsD%7WCK[%42zR]','julian@gmail.com','2020-05-30','Free',0);
insert into player (ID,name,username,password,email,date_of_join,acc_type,credits) values (44,'Luke','Maverick','}E&{7/Yh#\w{5tY+','luke@gmail.com','2017-07-17','Free',0);
insert into player (ID,name,username,password,email,date_of_join,acc_type,credits) values (45,'Grayson','Freak','M2hT7WuV9M{u>','grayson@gmail.com','2018-06-16','Free',0);
insert into player (ID,name,username,password,email,date_of_join,acc_type,credits) values (46,'Isaac','Storm','K$c?]}7p$=4C~4[','issac@gmail.com','2018-08-18','Free',0);
insert into player (ID,name,username,password,email,date_of_join,acc_type,credits) values (47,'Jayden','Hitman','>(B=5:<a7:42JK','jayden@gmail.com','2018-04-01','Free',0);
insert into player (ID,name,username,password,email,date_of_join,acc_type,credits) values (48,'Theodore','Reaper','539>Bv@u6EyFq8','theodore@gmail.com','2020-02-20','Free',0);
insert into player (ID,name,username,password,email,date_of_join,acc_type,credits) values (49,'Gabriel','Raptor','29#72m=C!E8XF>','gabriel@gmail.com','2019-01-10','Free',0);
insert into player (ID,name,username,password,email,date_of_join,acc_type,credits) values (50,'Anthony','Scorpion','N}M>WUxfMY+3mQ^%','anthony@gmail.com','2018-04-11','Free',0);

insert into ranks (player_id,total_matches,p_rank,rp,kills,deaths)values (41,182,'Silver',282,1197,371);
insert into ranks (player_id,total_matches,p_rank,rp,kills,deaths)values(47,868,'Silver',411,1565,130);
insert into ranks (player_id,total_matches,p_rank,rp,kills,deaths)values(18,508,'Gold',390,921,968);
insert into ranks (player_id,total_matches,p_rank,rp,kills,deaths)values(50,808,'Master',108,193,1000);
insert into ranks (player_id,total_matches,p_rank,rp,kills,deaths)values(25,444,'Bronze',312,1562,1572);
insert into ranks (player_id,total_matches,p_rank,rp,kills,deaths)values(45,457,'Bronze',137,1478,1643);
insert into ranks (player_id,total_matches,p_rank,rp,kills,deaths)values(38,968,'Silver',53,1847,651);
insert into ranks (player_id,total_matches,p_rank,rp,kills,deaths)values(2,27,'Bronze',333,1109,19);
insert into ranks (player_id,total_matches,p_rank,rp,kills,deaths)values(4,222,'Platinum',497,865,1487);
insert into ranks (player_id,total_matches,p_rank,rp,kills,deaths)values(34,228,'Bronze',392,897,1924);
insert into ranks (player_id,total_matches,p_rank,rp,kills,deaths)values(6,239,'Platinum',177,473,1387);
insert into ranks (player_id,total_matches,p_rank,rp,kills,deaths)values(49,471,'Silver',488,594,1898);
insert into ranks (player_id,total_matches,p_rank,rp,kills,deaths)values(28,858,'Bronze',470,1140,1889);
insert into ranks (player_id,total_matches,p_rank,rp,kills,deaths)values(7,191,'Master',323,1483,1762);
insert into ranks (player_id,total_matches,p_rank,rp,kills,deaths)values(8,761,'Gold',171,1835,1478);
insert into ranks (player_id,total_matches,p_rank,rp,kills,deaths)values(39,959,'Master',496,865,1040);
insert into ranks (player_id,total_matches,p_rank,rp,kills,deaths)values(43,195,'Predator',156,582,1204);
insert into ranks (player_id,total_matches,p_rank,rp,kills,deaths)values(33,403,'Platinum',302,1748,71);
insert into ranks (player_id,total_matches,p_rank,rp,kills,deaths)values(16,762,'Platinum',409,828,849);
insert into ranks (player_id,total_matches,p_rank,rp,kills,deaths)values(12,376,'Master',281,1808,1440);
insert into ranks (player_id,total_matches,p_rank,rp,kills,deaths)values(44,756,'Predator',192,178,899);
insert into ranks (player_id,total_matches,p_rank,rp,kills,deaths)values(31,111,'Master',399,336,1067);
insert into ranks (player_id,total_matches,p_rank,rp,kills,deaths)values(26,380,'Predator',251,1501,61);
insert into ranks (player_id,total_matches,p_rank,rp,kills,deaths)values(3,316,'Platinum',361,1738,1260);
insert into ranks (player_id,total_matches,p_rank,rp,kills,deaths)values(19,404,'Diamond',332,349,346);
insert into ranks (player_id,total_matches,p_rank,rp,kills,deaths)values(15,13,'Diamond',395,409,1106);
insert into ranks (player_id,total_matches,p_rank,rp,kills,deaths)values(11,238,'Predator',208,1053,705);
insert into ranks (player_id,total_matches,p_rank,rp,kills,deaths)values(37,362,'Predator',236,1864,552);
insert into ranks (player_id,total_matches,p_rank,rp,kills,deaths)values(10,624,'Master',491,1494,12);
insert into ranks (player_id,total_matches,p_rank,rp,kills,deaths)values(48,525,'Platinum',415,265,1063);
insert into ranks (player_id,total_matches,p_rank,rp,kills,deaths)values(36,211,'Predator',219,1946,115);
insert into ranks (player_id,total_matches,p_rank,rp,kills,deaths)values(24,584,'Platinum',284,410,1928);
insert into ranks (player_id,total_matches,p_rank,rp,kills,deaths)values(27,497,'Diamond',417,731,849);
insert into ranks (player_id,total_matches,p_rank,rp,kills,deaths)values(1,552,'Gold',277,1277,1611);
insert into ranks (player_id,total_matches,p_rank,rp,kills,deaths)values(22,470,'Diamond',308,58,1648);
insert into ranks (player_id,total_matches,p_rank,rp,kills,deaths)values(42,182,'Silver',282,1197,371);
insert into ranks (player_id,total_matches,p_rank,rp,kills,deaths)values(35,868,'Silver',411,1565,130);

insert into stats values(1,90,250,55,38.6,22,860);
insert into stats values(2,832,446,35,19.6,7,832);
insert into stats values(3,955,378,79,34.0,2,805);
insert into stats values(4,781,419,67,123.0,97,437);
insert into stats values(5,74,157,108,155.7,6,725);
insert into stats values(6,499,215,105,24.0,99,666);
insert into stats values(7,505,247,24,196.8,58,309);
insert into stats values(8,78,348,87,43.5,95,371);
insert into stats values(9,779,252,7,3.2,87,233);
insert into stats values(10,286,326,41,88.0,18,62);
insert into stats values(11,413,421,96,137.4,12,493);
insert into stats values(12,511,462,34,63.5,96,192);
insert into stats values(13,104,234,81,73.2,41,514);
insert into stats values(14,162,169,90,116.8,94,648);
insert into stats values(15,932,155,18,20.9,91,486);
insert into stats values(16,909,460,64,138.0,11,961);
insert into stats values(17,728,131,67,79.9,7,406);
insert into stats values(18,187,323,104,51.5,75,23);
insert into stats values(19,100,375,62,53.8,20,519);
insert into stats values(20,174,194,59,127.8,18,249);
insert into stats values(21,424,181,84,15.5,85,254);
insert into stats values(22,594,250,-1,167.1,14,899);
insert into stats values(23,977,178,14,6.2,73,810);
insert into stats values(24,635,440,42,53.5,48,696);
insert into stats values(25,700,324,52,61.4,74,200);
insert into stats values(26,233,64,79,52.3,33,803);
insert into stats values(27,527,97,13,58.9,53,835);
insert into stats values(28,215,272,-1,25.0,1,148);
insert into stats values(29,444,50,6,1.5,66,214);
insert into stats values(30,504,434,4,73.2,11,403);
insert into stats values(31,843,347,8,60.2,87,979);
insert into stats values(32,650,480,86,86.0,35,881);
insert into stats values(33,403,186,37,27.5,73,801);
insert into stats values(34,481,256,11,154.6,76,172);
insert into stats values(35,716,144,33,32.5,62,347);
insert into stats values(36,368,80,32,14.0,92,240);
insert into stats values(37,920,404,91,69.6,26,650);
insert into stats values(38,254,312,26,141.7,23,936);
insert into stats values(39,422,91,36,3.1,83,970);
insert into stats values(40,243,112,91,3.2,27,323);
insert into stats values(41,565,399,81,21.3,82,196);
insert into stats values(42,750,20,105,46.6,95,168);
insert into stats values(43,868,173,108,196.8,2,568);
insert into stats values(44,27,149,39,92.6,23,137);
insert into stats values(45,549,205,20,12.4,86,562);
insert into stats values(46,477,188,92,111.4,42,614);
insert into stats values(47,251,346,26,76.2,43,363);
insert into stats values(48,276,238,18,60.9,43,583);
insert into stats values(49,11,57,19,69.7,49,521);

insert into weapons values(1,'R-301 Carbine','Assault Rifles','Light',14,816,18,2.4);
insert into weapons values(2,'VK-47 Flatline','Assault Rifles','Heavy',19,600,20,2.4);
insert into weapons values(3,'G7 Scout','Assault Rifles','Light',34,240,10,2.4);
insert into weapons values(4,'Hemlok','Assault Rifles','Heavy',22,643,18,2.4);
insert into weapons values(5,'Havoc','Assault Rifles','Energy',18,672,24,3.2);
insert into weapons values(6,'Alternator','SMG','Light',15,640,19,1.9);
insert into weapons values(7,'Prowler','SMG','Unique',15,800,35,2.0);
insert into weapons values(8,'R-99','SMG','Light',11,1080,20,1.8);
insert into weapons values(9,'Volt','SMG','Energy',16,783,19,1.6);
insert into weapons values(10,'Devotion','LMG','Energy',16,900,36,2.8);
insert into weapons values(11,'L-Star','LMG','Energy',18,600,23,1.15);
insert into weapons values(12,'Spitfire','LMG','Heavy',18,512,35,2.8);
insert into weapons values(13,'Charge Rifle','Sniper','Sniper',45,30,8,3.6);
insert into weapons values(14,'Kraber','Sniper','Unique',145,36,4,3.2);
insert into weapons values(15,'Longbow','Sniper','Sniper',55,86,6,2.66);
insert into weapons values(16,'Sentinel','Sniper','Sniper',70,37,4,2.5);
insert into weapons values(17,'Triple Take','Sniper','Sniper',69,72,6,2.6);
insert into weapons values(18,'EVA-8','Shotgun','Shotgun',63,128,8,2.75);
insert into weapons values(19,'Peacekeeper','Shotgun','Unique',110,58,5,2.45);
insert into weapons values(20,'Mastiff','Shotgun','Shotgun',104,60,6,1.03);
insert into weapons values(21,'Mozambique','Shotgun','Shotgun',45,180,4,2.1);
insert into weapons values(22,'P2020','Pistol','Light',15,430,12,1.25);
insert into weapons values(23,'RE-45','Pistol','Light',12,750,16,1.5);
insert into weapons values(24,'Wingman','Pistol','Heavy',45,156,5,2.1);

insert into legends values (1,'BLOODHOUND','tactical','0.75','Tracker','Eye of the Allfather','Beast of Hunt');
insert into legends values (2,'CRYPTO','tactical','0.59','Neurolink','Surveillance Drone','Drone EMP');
insert into legends values (3,'PATHFINDER','tactical','0.41','Insider Knowledge','Grappling Hook','Zipline Gun');
insert into legends values (4,'GIBRALTER','defence','0.24','gun shield','Dome of Protection','Defensive Bombardment');
insert into legends values (5,'CAUSTIC','defence','0.19','Nox Vision','Nox gas trap','Nox Gas Grenade');
insert into legends values (6,'RAMPART','defence','0.74','Amped Cover','Modded Loader','Emplaced Minigun Sheila');
insert into legends values (7,'WATTSON','defence','0.12','Spark of Genius','Perimeter Security','Interception Pylon');
insert into legends values (8,'WRAITH','attack','0.76','Voices from the Void','Into the Void','Dimensional Rift');
insert into legends values (9,'REVENANT','attack','0.44','Stalker','Silence','Death Totem');
insert into legends values (10,'OCTANE','attack','0.95','Swift Mend','Stim','Launch Pad');
insert into legends values (11,'MIRAGE','attack','0.06','Encore!','Psyche Out','Vanishing Act');
insert into legends values (12,'BANGALORE','attack','0.47','Double Time','Smoke Launcher','Rolling Thunder');
insert into legends values (13,'HORIZON','attack','0.23','Spacewalk','Gravity Lift','Black Hole');
insert into legends values (14,'LIFELINE','med','0.94','Combat Medic','D.O.C. Heal Drone','Care Package');
insert into legends values (15,'LOBA','med','0.55','Eye for Quality','Burglar’s Best Friend','Black Market Boutique');

insert into seasons values(1,'Wild Frontier',5,6,'Olympus','Legendary Hunt',7,'2019-03-19');
insert into seasons values(2,'Battle Charge',7,20,'Olympus','Iron Crown',11,'2019-07-2');
insert into seasons values(3,'Meltdown',10,24,'Olympus','Voidwalker',23,'2019-10-1');
insert into seasons values(4,'Assimilation',9,1,'Olympus','Flight or Fright',15,'2020-02-4');
insert into seasons values(5,'Fortunes Favour',3,21,'Olympus','Lost Treasures',14,'2020-05-13');
insert into seasons values(6,'Boosted',6,4,'Olympus','Aftermarket',8,'2020-08-18');
insert into seasons values(7,'Ascension',13,22,'Olympus','Holo-Day Bash',13,'2020-11-4');
insert into seasons values(8,'Mayhem',14,15,'Olympus','Fight Night',9,'2021-02-2');









